Region,Division
North America,Marketing
North America,Sales
North America,Technology
North America,Operations
North America,Finance
North America,Customer Support
North America,Product
North America,Legal
North America,Human Resources
UK&I,Marketing
UK&I,Sales
UK&I,Technology
UK&I,Operations
UK&I,Finance
UK&I,Customer Support
UK&I,Product
UK&I,Legal
UK&I,Human Resources
EMEA,Marketing
EMEA,Sales
EMEA,Technology
EMEA,Operations
EMEA,Finance
EMEA,Customer Support
EMEA,Product
EMEA,Legal
EMEA,Human Resources
APAC,Marketing
APAC,Sales
APAC,Technology
APAC,Operations
APAC,Finance
APAC,Customer Support
APAC,Product
APAC,Legal
APAC,Human Resources
Brazil,Marketing
Brazil,Sales
Brazil,Technology
Brazil,Operations
Brazil,Finance
Brazil,Customer Support
Brazil,Product
Brazil,Legal
Brazil,Human Resources
Spanish Latam,Marketing
Spanish Latam,Sales
Spanish Latam,Technology
Spanish Latam,Operations
Spanish Latam,Finance
Spanish Latam,Customer Support
Spanish Latam,Product
Spanish Latam,Legal
Spanish Latam,Human Resources
